City_ID,City,Country,Date,Lat,Lng,Max Temp,Humidity,Cloudiness,Wind Speed
0,Ushuaia,AR,2021-12-23 23:26:39,-54.8,-68.3,56.86,67,75,12.66
1,Kapaa,US,2021-12-23 23:29:07,22.0752,-159.319,78.78,73,75,4.0
2,Butaritari,KI,2021-12-23 23:31:37,3.0707,172.7902,81.59,79,47,9.48
3,Cayenne,GF,2021-12-23 23:31:37,4.9333,-52.3333,80.1,89,90,4.0
4,Rikitea,PF,2021-12-23 23:31:37,-23.1203,-134.9692,77.52,70,34,7.52
5,Aviles,ES,2021-12-23 23:31:38,43.5547,-5.9248,54.37,94,60,5.75
6,Idenao,CM,2021-12-23 23:31:38,4.2475,9.0047,78.24,80,100,0.98
7,Boyolangu,ID,2021-12-23 23:31:39,-8.1181,111.8935,76.66,90,100,3.18
8,College,US,2021-12-23 23:31:39,64.8569,-147.8028,8.26,80,75,5.75
9,Castro,BR,2021-12-23 23:31:39,-24.7911,-50.0119,59.99,87,5,10.49
10,Mataura,NZ,2021-12-23 23:31:40,-46.1927,168.8643,56.48,50,54,7.74
11,Provideniya,RU,2021-12-23 23:31:40,64.3833,-173.3,1.51,78,75,17.9
12,Llodio,ES,2021-12-23 23:31:41,43.1432,-2.962,58.17,67,0,8.05
13,Jamestown,US,2021-12-23 23:29:08,42.097,-79.2353,29.71,90,90,4.0
14,Busselton,AU,2021-12-23 23:31:42,-33.65,115.3333,64.04,50,16,13.29
15,Hermanus,ZA,2021-12-23 23:31:42,-34.4187,19.2345,64.9,75,48,14.54
16,Hobart,AU,2021-12-23 23:30:04,-42.8794,147.3294,71.26,54,75,5.01
17,Ahuimanu,US,2021-12-23 23:31:43,21.4447,-157.8378,82.11,55,40,7.0
18,Zhangye,CN,2021-12-23 23:31:43,38.9342,100.4517,19.76,58,1,3.29
19,Praia Da Vitoria,PT,2021-12-23 23:31:43,38.7333,-27.0667,60.76,77,20,21.65
20,Vostok,RU,2021-12-23 23:31:44,46.4856,135.8833,-22.86,94,43,2.51
21,Okha,RU,2021-12-23 23:31:44,53.5739,142.9478,-6.39,97,98,21.65
22,Zemio,CF,2021-12-23 23:31:45,5.0314,25.1361,78.01,31,94,4.59
23,Arraial Do Cabo,BR,2021-12-23 23:31:45,-22.9661,-42.0278,73.26,83,0,19.57
24,Bredasdorp,ZA,2021-12-23 23:30:33,-34.5322,20.0403,60.12,88,91,4.61
25,Kismayo,SO,2021-12-23 23:31:46,-0.3582,42.5454,79.93,81,96,10.07
26,Dikson,RU,2021-12-23 23:31:46,73.5069,80.5464,8.42,89,100,23.8
27,Mbandaka,CD,2021-12-23 23:31:47,0.0487,18.2603,73.47,93,92,3.29
28,Port Alfred,ZA,2021-12-23 23:30:33,-33.5906,26.891,62.22,79,98,7.54
29,Punta Arenas,CL,2021-12-23 23:30:36,-53.15,-70.9167,62.71,51,0,26.46
30,Salalah,OM,2021-12-23 23:31:48,17.0151,54.0924,69.89,56,0,5.75
31,Burnie,AU,2021-12-23 23:31:48,-41.0667,145.9167,67.91,70,98,11.74
32,Chifeng,CN,2021-12-23 23:31:48,42.2683,118.9636,-1.16,44,0,9.44
33,Mackay,AU,2021-12-23 23:31:49,-21.15,149.2,90.68,65,75,3.44
34,Luorong,CN,2021-12-23 23:31:49,24.4058,109.6086,58.64,78,1,3.13
35,Albany,US,2021-12-23 23:30:15,42.6001,-73.9662,26.28,53,61,1.01
36,Hithadhoo,MV,2021-12-23 23:30:37,-0.6,73.0833,81.19,72,40,2.3
37,Cooma,AU,2021-12-23 23:31:50,-36.2333,149.1333,65.97,77,40,12.66
38,Kirkuk,IQ,2021-12-23 23:31:51,35.4681,44.3922,45.25,87,100,1.81
39,Husavik,IS,2021-12-23 23:31:51,66.0449,-17.3389,17.51,84,79,9.48
40,Estrela,BR,2021-12-23 23:31:51,-28.0611,-50.9383,59.23,77,7,7.14
41,Karatau,KZ,2021-12-23 23:31:52,43.1667,70.4667,33.76,82,67,4.72
42,Qaanaaq,GL,2021-12-23 23:31:52,77.484,-69.3632,19.9,95,100,5.68
43,Mount Isa,AU,2021-12-23 23:31:53,-20.7333,139.5,91.17,43,34,18.41
44,San Patricio,US,2021-12-23 23:31:53,28.017,-97.5169,77.09,69,3,15.23
45,Fare,PF,2021-12-23 23:31:54,-16.7,-151.0167,82.56,73,37,18.41
46,Faanui,PF,2021-12-23 23:31:54,-16.4833,-151.75,82.24,77,69,16.53
47,Krasnoarmeyskiy,RU,2021-12-23 23:31:54,47.0114,42.2072,9.68,91,11,2.93
48,Visnes,NO,2021-12-23 23:31:55,59.3556,5.2242,34.83,86,20,6.91
49,Yellowknife,CA,2021-12-23 23:32:55,62.456,-114.3525,-14.28,76,75,5.75
50,Nelson Bay,AU,2021-12-23 23:32:56,-32.7167,152.15,81.28,74,9,3.0
51,Cidreira,BR,2021-12-23 23:30:28,-30.1811,-50.2056,69.66,71,5,10.58
52,Ciudad Guayana,VE,2021-12-23 23:32:56,8.3533,-62.6528,74.66,93,100,4.65
53,Pangnirtung,CA,2021-12-23 23:32:57,66.1451,-65.7125,5.0,61,20,4.61
54,Juegang,CN,2021-12-23 23:32:57,32.3174,121.1855,52.92,84,100,12.8
55,Lompoc,US,2021-12-23 23:32:58,34.6391,-120.4579,57.78,84,90,15.99
56,Tasiilaq,GL,2021-12-23 23:32:58,65.6145,-37.6368,21.36,54,10,6.51
57,New Norfolk,AU,2021-12-23 23:30:28,-42.7826,147.0587,70.92,50,63,3.0
58,Tiarei,PF,2021-12-23 23:32:59,-17.5333,-149.3333,86.02,73,78,17.69
59,Porto Novo,BJ,2021-12-23 23:32:59,6.4965,2.6036,82.22,76,95,3.53
60,Thompson,CA,2021-12-23 23:33:00,55.7435,-97.8558,-16.44,76,90,6.91
61,Cabo San Lucas,MX,2021-12-23 23:30:02,22.8909,-109.9124,80.51,52,75,3.0
62,Zinapecuaro,MX,2021-12-23 23:33:00,19.8667,-100.8167,75.85,27,0,0.43
63,Vanimo,PG,2021-12-23 23:33:01,-2.6741,141.3028,84.2,69,100,6.2
64,Vaini,TO,2021-12-23 23:33:02,-21.2,-175.2,86.16,84,20,11.5
65,Luderitz,NA,2021-12-23 23:33:02,-26.6481,15.1594,62.87,89,0,9.42
66,Cabinda,AO,2021-12-23 23:33:02,-5.55,12.2,76.05,91,100,4.05
67,Saryg-Sep,RU,2021-12-23 23:33:03,51.5,95.6,-15.86,98,61,3.65
68,Lacolle,CA,2021-12-23 23:33:03,45.0834,-73.3659,12.33,79,28,1.12
69,Saint-Francois,FR,2021-12-23 23:33:04,46.4154,3.9054,42.48,90,0,2.3
70,Puerto Ayora,EC,2021-12-23 23:30:29,-0.7393,-90.3518,70.32,89,90,7.74
71,Yaan,NG,2021-12-23 23:33:04,7.3833,8.5667,79.54,23,87,5.08
72,Torbay,CA,2021-12-23 23:33:05,47.6666,-52.7314,35.67,82,40,36.82
73,Pizarro,CO,2021-12-23 23:33:05,4.9533,-77.366,77.22,89,52,4.65
74,Ihosy,MG,2021-12-23 23:33:06,-22.4,46.1167,70.95,73,100,1.7
75,Saskylakh,RU,2021-12-23 23:33:06,71.9167,114.0833,-41.1,100,77,1.7
76,Evensk,RU,2021-12-23 23:33:07,61.95,159.2333,-2.87,78,100,13.69
77,Porto Walter,BR,2021-12-23 23:33:08,-8.2686,-72.7439,72.7,98,94,5.57
78,La Union,PE,2021-12-23 23:33:08,-5.4,-80.75,76.14,60,92,16.08
79,Ilulissat,GL,2021-12-23 23:33:08,69.2167,-51.1,28.42,86,75,3.44
80,Libreville,GA,2021-12-23 23:31:39,0.3925,9.4537,77.85,87,100,11.3
81,Saint-Philippe,RE,2021-12-23 23:33:09,-21.3585,55.7679,77.22,87,100,0.54
82,Pangoa,PE,2021-12-23 23:33:09,-12.1167,-73.0,70.03,94,95,1.43
83,Oranjemund,NA,2021-12-23 23:33:10,-28.55,16.4333,63.23,95,3,3.96
84,Gat,IL,2021-12-23 23:33:10,31.61,34.7642,54.39,100,100,12.48
85,Lere,NG,2021-12-23 23:33:11,10.387,8.5726,67.32,29,3,6.64
86,Clarksdale,US,2021-12-23 23:33:11,34.2001,-90.5709,59.16,67,1,10.36
87,Takoradi,GH,2021-12-23 23:33:12,4.8845,-1.7554,80.15,80,29,8.46
88,Sioux Lookout,CA,2021-12-23 23:33:12,50.1001,-91.917,14.38,85,90,3.44
89,Bisauli,IN,2021-12-23 23:33:13,28.3167,78.9333,53.96,49,58,4.59
90,Atuona,PF,2021-12-23 23:33:13,-9.8,-139.0333,79.2,74,1,15.1
91,Pascagoula,US,2021-12-23 23:30:38,30.3658,-88.5561,57.25,72,1,3.44
92,Songjianghe,CN,2021-12-23 23:34:14,42.1859,127.479,-7.1,77,100,5.82
93,Bambous Virieux,MU,2021-12-23 23:34:14,-20.3428,57.7575,79.21,88,75,2.3
94,Portland,US,2021-12-23 23:30:59,45.5234,-122.6762,45.77,84,75,1.01
95,Viedma,AR,2021-12-23 23:34:15,-40.8135,-62.9967,74.43,55,3,20.94
96,Cape Town,ZA,2021-12-23 23:30:48,-33.9258,18.4232,66.11,75,0,1.01
97,Huarmey,PE,2021-12-23 23:34:16,-10.0681,-78.1522,70.36,84,12,9.48
98,Danilov,RU,2021-12-23 23:34:16,58.1908,40.1717,11.71,89,100,12.06
99,Henties Bay,NA,2021-12-23 23:34:16,-22.116,14.2845,62.85,88,0,2.73
100,Chokurdakh,RU,2021-12-23 23:34:17,70.6333,147.9167,-31.45,100,100,3.85
101,Dakar,SN,2021-12-23 23:30:21,14.6937,-17.4441,76.08,73,77,6.91
102,Trincomalee,LK,2021-12-23 23:30:12,8.5711,81.2335,77.14,67,13,8.14
103,Georgetown,MY,2021-12-23 23:30:14,5.4112,100.3354,78.89,91,20,3.0
104,Katsuura,JP,2021-12-23 23:34:18,35.1333,140.3,51.12,60,48,14.56
105,Upernavik,GL,2021-12-23 23:34:19,72.7868,-56.1549,26.15,83,100,2.68
106,Svetlyy,RU,2021-12-23 23:34:19,54.675,20.1347,26.65,96,100,11.86
107,Sao Filipe,CV,2021-12-23 23:34:20,14.8961,-24.4956,74.61,69,5,10.29
108,Teahupoo,PF,2021-12-23 23:34:20,-17.8333,-149.2667,80.56,75,92,16.98
109,Simbahan,PH,2021-12-23 23:34:21,6.3032,120.5836,82.33,75,74,16.51
110,Iqaluit,CA,2021-12-23 23:29:50,63.7506,-68.5145,11.93,67,90,6.91
111,Vung Tau,VN,2021-12-23 23:31:53,10.346,107.0843,76.26,81,100,11.36
112,Hami,CN,2021-12-23 23:30:26,42.8,93.45,24.19,59,1,0.72
113,Minsk,BY,2021-12-23 23:30:19,53.9,27.5667,19.15,92,98,13.38
114,Baruun-Urt,MN,2021-12-23 23:34:23,46.6806,113.2792,-13.29,86,9,5.01
115,Hamilton,US,2021-12-23 23:32:08,39.1834,-84.5333,52.65,43,75,3.0
116,Najran,SA,2021-12-23 23:34:24,17.4924,44.1277,56.05,45,32,4.14
117,Port Elizabeth,ZA,2021-12-23 23:30:52,-33.918,25.5701,58.1,86,90,8.34
118,Tabuk,PH,2021-12-23 23:34:24,17.4189,121.4443,74.39,91,38,0.38
119,Hilo,US,2021-12-23 23:34:25,19.7297,-155.09,73.8,38,90,5.75
120,Tak,TH,2021-12-23 23:34:26,16.5833,98.8333,56.91,93,18,1.41
121,Lasa,IT,2021-12-23 23:30:31,46.6166,10.7002,24.96,51,65,4.79
122,Japura,ID,2021-12-23 23:34:26,-0.3167,102.35,74.28,97,87,1.95
123,Sinnamary,GF,2021-12-23 23:34:26,5.3833,-52.95,77.72,90,100,12.01
124,Harper,LR,2021-12-23 23:34:27,4.375,-7.7169,80.01,81,12,9.8
125,Khatanga,RU,2021-12-23 23:34:27,71.9667,102.5,-13.31,88,94,8.14
126,Bereda,ES,2021-12-23 23:34:28,43.2686,-7.5406,51.91,50,30,9.24
127,Kavieng,PG,2021-12-23 23:34:28,-2.5744,150.7967,81.39,79,100,12.68
128,Ambulu,ID,2021-12-23 23:34:29,-8.345,113.6058,79.27,83,96,1.41
129,Eureka,US,2021-12-23 23:29:46,40.8021,-124.1637,53.2,95,36,7.0
130,Tuktoyaktuk,CA,2021-12-23 23:30:26,69.4541,-133.0374,-4.0,71,90,18.41
131,Westport,US,2021-12-23 23:29:50,41.1415,-73.3579,34.75,54,1,1.99
132,Lebu,CL,2021-12-23 23:31:02,-37.6167,-73.65,56.82,82,11,19.44
133,Igarka,RU,2021-12-23 23:34:30,67.4667,86.5833,6.39,93,100,17.45
134,Bengkulu,ID,2021-12-23 23:31:14,-3.8004,102.2655,75.34,88,88,4.07
135,Mehamn,NO,2021-12-23 23:35:30,71.0357,27.8492,25.92,69,100,20.24
136,Broken Hill,AU,2021-12-23 23:31:23,-31.95,141.4333,85.71,14,3,12.66
137,Tan An,VN,2021-12-23 23:35:31,10.5333,106.4167,75.22,87,100,3.65
138,Kavaratti,IN,2021-12-23 23:35:31,10.5669,72.642,78.69,69,9,3.94
139,Araouane,ML,2021-12-23 23:35:32,18.9048,-3.5265,66.45,27,45,11.81
140,Barrow,US,2021-12-23 23:35:32,71.2906,-156.7887,-5.78,77,90,17.27
141,Richards Bay,ZA,2021-12-23 23:35:33,-28.783,32.0377,68.16,91,99,10.54
142,Hudiksvall,SE,2021-12-23 23:35:33,61.729,17.1036,16.52,56,50,12.64
143,Marystown,CA,2021-12-23 23:31:23,47.1666,-55.1483,34.86,100,100,8.99
144,Faya,SA,2021-12-23 23:35:34,18.3851,42.4509,54.12,57,4,5.91
145,Vila Velha,BR,2021-12-23 23:32:27,-20.3297,-40.2925,75.15,87,90,11.01
146,Karlovac,HR,2021-12-23 23:35:34,45.4872,15.5478,45.75,78,98,11.07
147,Ostrovnoy,RU,2021-12-23 23:35:35,68.0531,39.5131,18.18,88,100,12.8
148,East London,ZA,2021-12-23 23:35:35,-33.0153,27.9116,62.02,83,97,4.68
149,Yulara,AU,2021-12-23 23:35:36,-25.2406,130.9889,84.04,37,96,6.91
150,Nome,US,2021-12-23 23:35:36,64.5011,-165.4064,-7.53,84,1,0.0
151,Bonthe,SL,2021-12-23 23:35:36,7.5264,-12.505,80.02,80,27,6.93
152,Nipawin,CA,2021-12-23 23:35:37,53.3668,-104.0009,8.64,85,90,11.5
153,Guerrero Negro,MX,2021-12-23 23:35:37,27.9769,-114.0611,67.55,51,100,11.65
154,Trzcianka,PL,2021-12-23 23:35:38,53.0406,16.4563,30.61,98,100,8.55
155,Shache,CN,2021-12-23 23:35:38,38.4167,77.2406,30.15,47,100,3.8
156,Altukhovo,RU,2021-12-23 23:35:39,52.67,34.36,7.07,93,83,9.69
157,Dingle,PH,2021-12-23 23:35:39,10.9995,122.6711,78.21,83,61,8.48
158,Camopi,GF,2021-12-23 23:35:40,3.1655,-52.3158,74.05,99,100,2.62
159,Tondano,ID,2021-12-23 23:35:40,1.3038,124.9112,68.09,79,93,3.33
160,Carnarvon,AU,2021-12-23 23:35:40,-24.8667,113.6333,77.07,73,0,13.8
161,Poum,NC,2021-12-23 23:35:41,-20.2333,164.0167,81.55,74,18,7.52
162,San Marcos,US,2021-12-23 23:35:41,33.1434,-117.1661,64.0,69,90,5.01
163,Kyra,RU,2021-12-23 23:35:42,49.5776,111.9753,-11.06,87,12,4.92
164,Bluff,NZ,2021-12-23 23:30:38,-46.6,168.3333,56.8,58,37,18.05
165,Marrakesh,MA,2021-12-23 23:35:42,31.6315,-8.0083,57.27,67,0,1.14
166,Bilma,NE,2021-12-23 23:35:43,18.6853,12.9164,61.03,19,43,10.36
167,Ponta Do Sol,PT,2021-12-23 23:30:30,32.6667,-17.1,63.23,69,8,7.58
168,Airai,TL,2021-12-23 23:35:43,-8.9266,125.4092,62.44,90,100,0.36
169,Kaitangata,NZ,2021-12-23 23:35:44,-46.2817,169.8464,60.93,68,53,8.81
170,Bullhead City,US,2021-12-23 23:35:44,35.1478,-114.5683,71.02,31,90,5.75
171,Finschhafen,PG,2021-12-23 23:35:45,-6.6024,147.8681,85.71,69,97,4.81
172,Mar Del Plata,AR,2021-12-23 23:35:45,-38.0023,-57.5575,73.09,89,0,5.99
173,Tabontabon,PH,2021-12-23 23:35:45,11.0408,124.9611,77.94,81,64,2.93
174,Obo,CF,2021-12-23 23:35:46,5.3998,26.4869,74.91,34,97,5.44
175,Lesosibirsk,RU,2021-12-23 23:35:46,58.2358,92.4828,-3.68,77,44,12.93
176,Clyde River,CA,2021-12-23 23:35:47,70.4692,-68.5914,-5.57,77,20,4.61
177,Tongling,CN,2021-12-23 23:35:47,30.95,117.7833,46.26,69,11,8.95
178,Savannakhet,LA,2021-12-23 23:35:48,16.566,104.751,67.1,84,73,4.03
179,Monrovia,LR,2021-12-23 23:35:48,6.3005,-10.7969,80.37,80,12,6.8
180,Fort Dodge,US,2021-12-23 23:36:49,42.4975,-94.168,42.44,60,1,5.75
181,Sao Felix Do Xingu,BR,2021-12-23 23:36:49,-6.6447,-51.995,73.65,94,100,1.39
182,Norman Wells,CA,2021-12-23 23:36:49,65.282,-126.8329,-36.36,61,40,2.3
183,Huilong,CN,2021-12-23 23:36:50,31.8111,121.655,57.04,83,99,9.42
184,Waddan,LY,2021-12-23 23:36:50,29.1614,16.139,53.67,33,77,2.51
185,Axim,GH,2021-12-23 23:36:51,4.8699,-2.2405,80.01,81,15,7.43
186,Acajutla,SV,2021-12-23 23:36:51,13.5928,-89.8275,86.34,63,1,3.62
187,Meulaboh,ID,2021-12-23 23:36:52,4.1363,96.1285,74.84,89,81,3.89
188,Bagh,IN,2021-12-23 23:36:52,22.3667,74.7667,64.06,36,0,4.47
189,Sinsheim,DE,2021-12-23 23:36:53,49.2529,8.8787,47.62,90,97,12.5
190,Ribeira Grande,PT,2021-12-23 23:36:55,38.5167,-28.7,61.2,67,40,27.63
191,Atar,MR,2021-12-23 23:36:55,20.5169,-13.0499,71.22,23,18,8.21
192,Sapang Dalaga,PH,2021-12-23 23:36:56,8.5399,123.5624,79.0,84,80,8.14
193,Vanavara,RU,2021-12-23 23:36:56,60.34,102.2797,-29.45,99,23,1.7
194,Grand Gaube,MU,2021-12-23 23:36:56,-20.0064,57.6608,79.38,84,94,1.99
195,Klaksvik,FO,2021-12-23 23:36:57,62.2266,-6.589,32.92,80,99,29.33
196,Vila Franca Do Campo,PT,2021-12-23 23:36:57,37.7167,-25.4333,61.21,72,100,19.8
197,Gondar,ET,2021-12-23 23:36:58,12.6,37.4667,57.61,60,5,3.98
198,Iwaki,JP,2021-12-23 23:36:58,37.05,140.8833,39.78,65,55,8.99
199,Baoning,CN,2021-12-23 23:36:59,25.3378,110.026,49.86,100,75,0.0
200,Ayagoz,KZ,2021-12-23 23:36:59,47.9714,80.4392,21.51,90,83,3.96
201,Saint Anthony,US,2021-12-23 23:37:00,45.0205,-93.218,34.05,78,1,0.0
202,Asau,RO,2021-12-23 23:37:00,46.4333,26.4,23.76,71,100,5.93
203,Bodden Town,KY,2021-12-23 23:37:00,19.2833,-81.25,77.0,68,20,5.99
204,Paamiut,GL,2021-12-23 23:37:01,61.994,-49.6678,28.24,76,100,7.2
205,Whitehorse,CA,2021-12-23 23:35:57,60.7161,-135.0538,-6.83,84,75,3.44
206,San Jorge,AR,2021-12-23 23:37:01,-31.8962,-61.8598,84.0,33,1,9.57
207,Bourail,NC,2021-12-23 23:37:02,-21.5667,165.4833,85.41,61,3,2.37
208,Isangel,VU,2021-12-23 23:34:09,-19.55,169.2667,84.49,66,93,10.92
209,Biltine,TD,2021-12-23 23:37:04,14.5333,20.9167,68.05,20,0,8.93
210,Nemuro,JP,2021-12-23 23:37:04,43.3236,145.575,25.38,60,1,13.65
211,Liverpool,GB,2021-12-23 23:37:04,53.4106,-2.9779,50.77,94,40,4.61
212,Mashivka,UA,2021-12-23 23:37:05,49.4431,34.8669,6.48,96,9,7.11
213,Adrar,MR,2021-12-23 23:37:05,20.5022,-10.0711,66.9,26,32,9.91
214,Sidi Ali,DZ,2021-12-23 23:37:06,36.0998,0.4206,55.6,77,77,5.91
215,Lithakia,GR,2021-12-23 23:37:06,37.7167,20.8333,36.77,63,15,1.39
216,Namibe,AO,2021-12-23 23:37:07,-15.1961,12.1522,68.41,68,85,8.37
217,Chuy,UY,2021-12-23 23:37:08,-33.6971,-53.4616,65.48,83,0,7.83
218,Grasse,FR,2021-12-23 23:37:08,43.6667,6.9167,47.79,79,90,3.44
219,Tuatapere,NZ,2021-12-23 23:37:09,-46.1333,167.6833,56.82,53,55,12.3
220,Tiksi,RU,2021-12-23 23:37:10,71.6872,128.8694,-16.28,99,99,2.8
221,Carson City,US,2021-12-23 23:35:38,39.1638,-119.7674,41.32,93,90,3.0
222,Katangli,RU,2021-12-23 23:37:10,51.7102,143.2326,-3.26,93,99,19.84
223,Nikolskoye,RU,2021-12-23 23:55:39,59.7035,30.7861,26.02,92,100,14.56
224,Binghamton,US,2021-12-23 23:53:51,42.0987,-75.918,29.86,75,100,5.01
225,Puerto Escondido,MX,2021-12-23 23:55:40,15.85,-97.0667,78.91,81,12,3.06
226,Niamey,NE,2021-12-23 23:51:32,13.5137,2.1098,71.89,16,0,5.75
227,Esperance,AU,2021-12-23 23:55:41,-33.8667,121.9,66.04,62,66,6.64
228,Kjollefjord,NO,2021-12-23 23:55:41,70.9457,27.3465,26.96,67,100,21.36
229,Gao,ML,2021-12-23 23:55:42,16.6362,1.637,66.25,10,74,11.88
230,Narsaq,GL,2021-12-23 23:55:42,60.9167,-46.05,25.23,62,89,11.48
231,Tessalit,ML,2021-12-23 23:55:43,20.1986,1.0114,63.68,22,28,9.6
232,Tomatlan,MX,2021-12-23 23:55:43,19.9333,-105.25,76.96,65,0,4.65
233,Bandarbeyla,SO,2021-12-23 23:55:43,9.4942,50.8122,73.6,75,84,13.2
234,Laguna,US,2021-12-23 23:55:44,38.421,-121.4238,58.91,91,90,4.0
235,Palembang,ID,2021-12-23 23:55:44,-2.9167,104.7458,77.09,94,20,2.3
236,Avarua,CK,2021-12-23 23:55:45,-21.2078,-159.775,80.65,78,20,13.8
237,Sao Joao Da Barra,BR,2021-12-23 23:55:45,-21.6403,-41.0511,73.69,76,100,17.63
238,Svobodnyy,RU,2021-12-23 23:55:45,51.4,128.1333,-28.39,92,46,5.55
239,Mantua,IT,2021-12-23 23:55:46,45.1667,10.7833,38.44,91,99,4.65
240,Safranbolu,TR,2021-12-23 23:55:46,41.2508,32.6942,20.5,91,89,2.48
241,Bolu,TR,2021-12-23 23:55:47,40.6667,31.5833,14.07,92,31,4.45
242,Kampot,KH,2021-12-23 23:55:47,10.6167,104.1833,77.05,90,95,5.68
243,Te Anau,NZ,2021-12-23 23:55:47,-45.4167,167.7167,62.11,41,39,4.54
244,Bratsk,RU,2021-12-23 23:55:48,56.1325,101.6142,-24.66,93,5,3.06
245,Pevek,RU,2021-12-23 23:55:48,69.7008,170.3133,-20.33,98,100,1.81
246,Namatanai,PG,2021-12-23 23:55:49,-3.6667,152.4333,83.68,76,99,9.26
247,Neiafu,TO,2021-12-23 23:55:49,-18.65,-173.9833,86.68,62,20,9.22
248,Yerbogachen,RU,2021-12-23 23:55:50,61.2767,108.0108,-10.73,89,100,7.31
249,Ellisras,ZA,2021-12-23 23:55:50,-23.6649,27.7443,68.77,70,28,3.42
250,Orlik,RU,2021-12-23 23:55:50,52.5178,99.825,-26.82,95,63,2.06
251,Birjand,IR,2021-12-23 23:55:51,32.8663,59.2211,37.87,30,0,13.8
252,Bairiki,KI,2021-12-23 23:55:51,1.3292,172.9752,86.0,70,40,10.36
253,Kieta,PG,2021-12-23 23:55:52,-6.2167,155.6333,86.32,70,100,2.91
254,Gimli,CA,2021-12-23 23:55:52,50.6336,-96.9907,15.82,86,99,6.91
255,Sumbe,AO,2021-12-23 23:55:53,-11.2061,13.8437,75.27,80,64,4.41
256,Soke,ML,2021-12-23 23:55:53,13.598,-5.9386,73.15,16,38,9.13
257,Xichang,CN,2021-12-23 23:55:54,27.8964,102.2634,43.65,93,89,1.54
258,Victoria,HK,2021-12-23 23:52:31,22.2855,114.1577,67.95,90,100,1.99
259,Nabire,ID,2021-12-23 23:55:06,-3.3667,135.4833,82.45,71,86,0.74
260,Ekibastuz,KZ,2021-12-23 23:55:54,51.6667,75.3667,26.94,79,82,22.7
261,Lagoa,PT,2021-12-23 23:55:55,39.05,-27.9833,60.4,73,100,27.29
262,Kodiak,US,2021-12-23 23:55:55,57.79,-152.4072,38.1,66,0,21.94
263,Cabra,ES,2021-12-23 23:55:56,37.4725,-4.4421,57.4,88,100,4.5
264,Palmer,US,2021-12-23 23:51:06,42.1584,-72.3287,29.01,51,40,11.5
265,Altagracia De Orituco,VE,2021-12-23 23:55:57,9.8601,-66.3814,75.69,83,99,5.75
266,Teya,RU,2021-12-23 23:57:01,60.3778,92.6267,-15.75,93,67,3.22
267,Tura,IN,2021-12-23 23:57:02,25.5198,90.2201,54.68,63,0,3.49
268,Boa Vista,BR,2021-12-23 23:55:48,2.8197,-60.6733,84.18,70,40,3.44
269,Ancud,CL,2021-12-23 23:57:02,-41.8697,-73.8203,65.73,80,3,7.31
270,Port-Gentil,GA,2021-12-23 23:57:03,-0.7193,8.7815,78.57,86,100,8.46
271,Kudat,MY,2021-12-23 23:57:03,6.8837,116.8477,78.73,89,40,4.61
272,Imperia,IT,2021-12-23 23:57:04,43.9667,7.7833,46.0,83,15,6.04
273,Nuuk,GL,2021-12-23 23:52:54,64.1835,-51.7216,24.67,91,75,11.63
274,Bathsheba,BB,2021-12-23 23:57:04,13.2167,-59.5167,79.41,83,75,13.8
275,Almeirim,BR,2021-12-23 23:57:05,-1.5233,-52.5817,78.85,82,85,3.91
276,Avera,US,2021-12-23 23:57:05,33.194,-82.5271,49.71,45,0,4.47
277,Codrington,AU,2021-12-23 23:57:06,-38.2667,141.9667,72.59,41,16,8.23
278,Hambantota,LK,2021-12-23 23:57:06,6.1241,81.1185,73.74,100,20,8.05
279,Nantucket,US,2021-12-23 23:57:07,41.2835,-70.0995,31.96,47,12,19.86
280,Ejido,VE,2021-12-23 23:57:07,8.5514,-71.2375,69.42,92,98,0.43
281,Simplicio Mendes,BR,2021-12-23 23:57:08,-7.8539,-41.9103,74.17,87,100,1.05
282,Quatre Cocos,MU,2021-12-23 23:57:08,-20.2078,57.7625,79.09,82,95,9.28
283,Muisne,EC,2021-12-23 23:57:08,0.6,-80.0333,75.31,86,79,7.25
284,Usinsk,RU,2021-12-23 23:57:09,65.9939,57.5281,-11.51,94,30,9.84
285,Los Llanos De Aridane,ES,2021-12-23 23:57:09,28.6585,-17.9182,60.55,84,0,8.01
286,Longyearbyen,SJ,2021-12-23 23:57:10,78.2186,15.6401,10.24,56,20,17.27
287,Garowe,SO,2021-12-23 23:57:10,8.4054,48.4845,64.67,85,30,7.78
288,Havelock,US,2021-12-23 23:57:10,34.8791,-76.9013,42.94,78,0,3.18
289,Suffolk,US,2021-12-23 23:57:11,40.8668,-72.7996,34.41,57,77,1.01
290,Paragominas,BR,2021-12-23 23:55:12,-2.9667,-47.4833,76.32,87,96,1.32
291,Grootfontein,NA,2021-12-23 23:57:11,-19.5667,18.1167,69.89,21,0,9.55
292,Dunedin,NZ,2021-12-23 23:57:12,-45.8742,170.5036,58.8,77,96,3.0
293,Tarakan,ID,2021-12-23 23:54:06,3.3,117.6333,80.1,83,20,3.44
294,Sehithwa,BW,2021-12-23 23:57:13,-20.4667,22.7167,76.69,23,9,5.21
295,Medea,DZ,2021-12-23 23:57:13,36.2642,2.7539,36.05,72,24,5.44
296,Hovd,MN,2021-12-23 23:57:13,48.0056,91.6419,4.87,69,1,5.64
297,Mahebourg,MU,2021-12-23 23:57:14,-20.4081,57.7,79.25,88,75,2.3
298,Salumbar,IN,2021-12-23 23:57:14,24.1333,74.05,61.88,61,42,1.48
299,Vestmannaeyjar,IS,2021-12-23 23:57:15,63.4427,-20.2734,36.77,71,95,18.3
300,Fort Nelson,CA,2021-12-23 23:57:15,58.8053,-122.7002,-9.81,77,20,3.44
301,Beringovskiy,RU,2021-12-23 23:57:16,63.05,179.3167,18.16,95,100,11.14
302,Knysna,ZA,2021-12-23 23:57:16,-34.0363,23.0471,61.18,92,21,3.85
303,Taybad,IR,2021-12-23 23:57:16,34.74,60.7756,38.3,69,1,0.94
304,Kingsport,US,2021-12-23 23:57:17,36.5484,-82.5618,46.26,65,45,3.71
305,Belmonte,BR,2021-12-23 23:57:17,-15.8631,-38.8828,79.3,91,95,12.8
306,Bonavista,CA,2021-12-23 23:57:18,48.6499,-53.1147,36.12,74,83,31.07
307,Sao Francisco Do Sul,BR,2021-12-23 23:56:54,-26.2433,-48.6381,73.31,68,40,10.36
308,Zeya,RU,2021-12-23 23:57:19,53.75,127.2667,-21.78,85,60,3.49
309,Bargi,IN,2021-12-23 23:57:19,22.9833,79.8667,56.19,45,0,2.64
310,Tangshan,CN,2021-12-23 23:57:20,39.6333,118.1833,14.49,26,100,13.96
311,Nefteyugansk,RU,2021-12-23 23:57:20,61.0998,72.6035,0.14,94,100,12.12
312,Kollam,IN,2021-12-23 23:57:21,8.8833,76.6,72.81,71,44,6.53
313,Pisco,PE,2021-12-23 23:57:22,-13.7,-76.2167,69.85,73,0,17.27
314,Bantry,IE,2021-12-23 23:58:56,51.6833,-9.45,51.28,96,95,13.13
315,Port Hardy,CA,2021-12-23 23:58:57,50.6996,-127.4199,36.75,93,90,2.3
316,Mende,FR,2021-12-23 23:58:57,44.6667,3.5,34.74,98,100,4.07
317,Bac Lieu,VN,2021-12-23 23:58:58,9.285,105.7244,76.17,86,95,11.88
318,Kalmunai,LK,2021-12-23 23:58:58,7.4167,81.8167,72.09,78,32,6.33
319,Sibu,MY,2021-12-23 23:58:59,2.3,111.8167,75.51,100,40,0.0
320,Shaunavon,CA,2021-12-23 23:58:30,49.6501,-108.4181,35.38,77,92,16.87
321,Manzil Salim,TN,2021-12-23 23:58:59,35.8567,8.4765,44.6,71,5,3.38
322,Komsomolskiy,UZ,2021-12-23 23:59:00,40.4272,71.7189,38.12,87,40,2.3
323,Cherskiy,RU,2021-12-23 23:59:00,68.75,161.3,-27.67,100,100,5.01
324,Rocha,UY,2021-12-23 23:59:01,-34.4833,-54.3333,61.84,93,0,5.86
325,Souillac,MU,2021-12-23 23:57:11,-20.5167,57.5167,79.36,88,75,2.3
326,Bonnyville,CA,2021-12-23 23:59:01,54.2668,-110.735,4.32,96,100,6.76
327,Constitucion,CL,2021-12-23 23:59:02,-35.3333,-72.4167,56.61,89,26,12.17
328,Padang,ID,2021-12-23 23:59:02,-0.9492,100.3543,75.25,86,90,3.38
329,Severo-Kurilsk,RU,2021-12-23 23:59:03,50.6789,156.125,28.63,70,69,7.25
330,Srednekolymsk,RU,2021-12-23 23:59:03,67.45,153.6833,-30.64,99,100,4.07
331,Touros,BR,2021-12-23 23:59:03,-5.1989,-35.4608,83.3,76,66,10.16
332,Kahului,US,2021-12-23 23:59:04,20.8947,-156.47,75.97,74,91,10.0
333,Labytnangi,RU,2021-12-23 23:56:01,66.6572,66.4183,-24.74,100,16,2.53
334,Robertsport,LR,2021-12-23 23:59:04,6.7533,-11.3686,81.55,77,4,8.84
335,Fonte Boa,BR,2021-12-23 23:59:05,-2.4959,-66.2662,75.02,98,100,0.98
336,Tsabong,BW,2021-12-23 23:59:05,-26.0217,22.401,72.64,38,50,7.29
337,Nanortalik,GL,2021-12-23 23:59:06,60.1432,-45.2371,30.24,60,99,9.91
338,Susanville,US,2021-12-23 23:59:06,40.4163,-120.653,39.81,94,75,0.0
339,Charlestown,AU,2021-12-23 23:59:07,-32.95,151.6667,79.83,79,5,3.0
340,Taltal,CL,2021-12-23 23:59:07,-25.4,-70.4833,70.25,65,97,4.59
341,Coihaique,CL,2021-12-23 23:55:19,-45.5752,-72.0662,69.75,43,20,9.22
342,Contamana,PE,2021-12-23 23:59:08,-7.3333,-75.0167,77.47,78,99,3.22
343,Reconquista,AR,2021-12-23 23:59:09,-29.15,-59.65,76.44,23,0,7.18
344,Deputatskiy,RU,2021-12-23 23:59:09,69.3,139.9,-37.03,99,78,4.65
345,Sao Miguel Do Tapuio,BR,2021-12-23 23:59:09,-5.5036,-41.3233,85.53,46,82,5.23
346,Dauriya,RU,2021-12-23 23:59:10,49.9333,116.8667,-26.37,90,7,3.78
347,Kirensk,RU,2021-12-23 23:59:10,57.7853,108.1119,-43.96,100,73,1.21
348,Dalmeny,CA,2021-12-23 23:59:11,52.3334,-106.7679,15.53,86,75,4.61
349,Beloha,MG,2021-12-23 23:59:11,-25.1667,45.05,73.99,79,99,4.18
350,Malumfashi,NG,2021-12-23 23:59:12,11.7853,7.6218,64.67,25,7,10.13
351,Keelung,TW,2021-12-23 23:59:12,25.1283,121.7419,71.4,91,86,7.58
352,Sukhinichi,RU,2021-12-23 23:59:12,54.0999,35.3425,8.11,90,81,14.14
353,Birao,CF,2021-12-23 23:59:13,10.2849,22.7882,70.02,22,91,6.85
354,Prainha,BR,2021-12-23 23:59:13,-1.8,-53.48,81.0,67,99,2.15
355,Saldanha,ZA,2021-12-23 23:59:14,-33.0117,17.9442,64.45,85,0,10.16
356,Pitkyaranta,RU,2021-12-23 23:59:14,61.5734,31.4792,20.62,92,100,9.35
357,Dhandhuka,IN,2021-12-23 23:59:15,22.3667,71.9833,66.72,69,0,5.5
358,Mayumba,GA,2021-12-24 00:00:15,-3.432,10.6554,74.46,92,100,1.03
359,Anadyr,RU,2021-12-24 00:00:18,64.75,177.4833,1.9,71,75,17.9
360,Luba,GQ,2021-12-24 00:00:19,3.4568,8.5547,81.81,76,100,10.09
361,Coquimbo,CL,2021-12-24 00:00:20,-29.9533,-71.3436,62.8,83,59,3.96
362,Koslan,RU,2021-12-24 00:00:21,63.4564,48.8989,-3.95,96,100,9.35
363,Sohag,EG,2021-12-24 00:00:22,26.557,31.6948,55.17,62,100,11.3
364,Raymond,US,2021-12-24 00:00:24,43.9015,-70.4703,21.15,66,100,4.59
365,Bella Union,UY,2021-12-24 00:00:24,-30.2752,-57.6007,77.09,27,56,8.3
366,Mora,CM,2021-12-24 00:00:25,11.0461,14.1401,68.32,27,0,5.06
367,Arlit,NE,2021-12-24 00:00:26,18.7369,7.3853,62.28,16,53,6.2
368,Salinopolis,BR,2021-12-24 00:00:27,-0.6136,-47.3561,80.71,80,84,10.8
369,Manta,EC,2021-12-24 00:00:28,-0.95,-80.7333,74.23,82,83,9.93
370,Honningsvag,NO,2021-12-24 00:00:28,70.9821,25.9704,29.44,65,100,24.83
371,Karlskrona,SE,2021-12-24 00:00:29,56.1616,15.5866,28.85,93,93,6.82
372,Pecos,US,2021-12-24 00:00:29,31.4229,-103.4932,77.09,11,1,12.66
373,Ust-Maya,RU,2021-12-24 00:00:29,60.4167,134.5333,-43.49,100,100,1.05
374,Trairi,BR,2021-12-23 23:57:26,-3.2778,-39.2689,79.72,81,58,7.23
375,Talnakh,RU,2021-12-24 00:00:30,69.4865,88.3972,7.21,87,95,14.18
376,Vardo,NO,2021-12-24 00:00:30,70.3705,31.1107,23.2,66,100,25.41
377,Kruisfontein,ZA,2021-12-24 00:00:31,-34.0033,24.7314,55.89,92,68,3.98
378,Acarau,BR,2021-12-23 23:58:25,-2.8856,-40.12,80.6,79,83,12.77
379,Paris,FR,2021-12-24 00:00:19,48.8534,2.3488,49.1,90,90,1.99
380,Kondinskoye,RU,2021-12-24 00:00:32,59.6481,67.41,8.44,92,100,8.52
381,Stornoway,GB,2021-12-24 00:00:33,58.2093,-6.3865,42.93,88,75,1.99
382,Bonga,ET,2021-12-24 00:00:33,7.2833,36.2333,62.13,87,81,0.83
383,Vieira De Leiria,PT,2021-12-24 00:00:34,39.8695,-8.9324,55.42,89,61,11.92
384,Grand Forks,US,2021-12-24 00:00:34,47.9417,-97.4337,19.08,94,59,7.52
385,Wencheng,CN,2021-12-24 00:00:35,33.0559,113.7978,36.72,80,98,14.79
386,Bubanza,BI,2021-12-24 00:00:35,-3.1167,29.4,68.97,91,100,2.53
387,Puerto Carreno,CO,2021-12-24 00:00:36,6.189,-67.4859,83.97,67,100,2.42
388,Svetlogorsk,BY,2021-12-24 00:00:36,52.6333,29.7333,18.37,83,97,12.86
389,Katikati,NZ,2021-12-24 00:00:37,-37.55,175.9167,86.07,53,92,6.58
390,Pivijay,CO,2021-12-24 00:00:37,10.4617,-74.6162,77.18,83,64,7.34
391,Abu Samrah,SY,2021-12-24 00:00:37,35.3029,37.1841,41.05,92,100,11.3
392,Wajima,JP,2021-12-24 00:00:38,37.4,136.9,45.79,86,100,6.78
393,Harindanga,IN,2021-12-24 00:00:38,22.0383,88.3214,60.78,60,0,4.23
394,Rockhampton,AU,2021-12-24 00:00:07,-23.3833,150.5,85.89,51,40,1.14
395,La Asuncion,VE,2021-12-24 00:00:39,11.0333,-63.8628,89.33,62,89,12.66
396,Sitka,US,2021-12-24 00:00:39,57.0531,-135.33,23.99,86,99,5.59
397,Antofagasta,CL,2021-12-24 00:00:03,-23.65,-70.4,69.01,74,99,2.06
398,Daokou,CN,2021-12-24 00:00:40,35.5639,114.5058,29.89,86,99,17.34
399,Sorland,NO,2021-12-24 00:00:40,67.667,12.6934,33.03,76,89,23.44
400,Saint George,US,2021-12-24 00:00:41,37.1041,-113.5841,50.47,79,90,1.99
401,Sand Springs,US,2021-12-24 00:00:41,36.1398,-96.1089,60.85,70,1,5.75
402,Sambava,MG,2021-12-24 00:00:41,-14.2667,50.1667,77.32,91,46,5.37
403,Dongsheng,CN,2021-12-24 00:00:42,39.8161,109.9776,8.06,60,2,6.8
404,Panaba,MX,2021-12-24 00:00:42,21.2833,-88.2667,68.81,65,6,8.08
405,Mbour,SN,2021-12-24 00:00:43,14.422,-16.9638,76.05,46,94,10.02
406,Yurimaguas,PE,2021-12-24 00:01:43,-5.9,-76.0833,78.85,80,89,2.53
407,Orcopampa,PE,2021-12-24 00:01:44,-15.2661,-72.3417,49.57,51,70,6.64
408,Alofi,NU,2021-12-24 00:01:44,-19.0595,-169.9187,79.02,71,4,11.61
409,Broome,US,2021-12-24 00:01:44,42.2506,-75.833,29.62,73,100,4.0
410,Saraza,PH,2021-12-24 00:01:45,8.7356,117.78,80.26,72,25,5.12
411,Campbell River,CA,2021-12-24 00:00:19,50.0163,-125.2446,36.27,91,100,1.77
412,Singkang,MY,2021-12-24 00:01:45,2.1006,102.7994,74.52,95,100,2.37
413,West Plains,US,2021-12-23 23:59:56,36.7281,-91.8524,55.53,81,74,1.01
414,Hofn,IS,2021-12-24 00:01:46,64.2539,-15.2082,31.69,71,35,13.67
415,Petropavlovsk-Kamchatskiy,RU,2021-12-24 00:01:46,53.0452,158.6483,12.79,79,75,4.47
416,Presidencia Roque Saenz Pena,AR,2021-12-24 00:01:47,-26.7852,-60.4388,75.02,31,1,6.11
417,Emerald,AU,2021-12-24 00:01:47,-23.5333,148.1667,89.98,26,69,10.74
418,Gboko,NG,2021-12-24 00:01:47,7.3179,8.9951,78.66,23,36,8.43
419,Hasaki,JP,2021-12-24 00:01:48,35.7333,140.8333,39.6,59,61,10.11
420,Fortuna,US,2021-12-24 00:01:48,40.5982,-124.1573,54.19,96,90,4.61
421,Kautokeino,NO,2021-12-24 00:01:49,69.0125,23.0412,16.61,88,83,17.81
422,Ballina,AU,2021-12-24 00:01:49,-28.8667,153.5667,77.77,1,54,5.68
423,Ferreira Do Alentejo,PT,2021-12-24 00:01:50,38.05,-8.0333,52.77,93,100,2.37
424,Werda,BW,2021-12-24 00:01:50,-25.2667,23.2833,68.67,40,1,7.61
425,Belgaum,IN,2021-12-23 23:56:52,15.8667,74.5,63.16,60,5,0.74
426,Umm Kaddadah,SD,2021-12-24 00:01:51,13.6017,26.6876,61.88,22,0,12.75
427,Inhambane,MZ,2021-12-24 00:01:51,-23.865,35.3833,76.6,92,29,5.86
428,Jiangkou,CN,2021-12-24 00:01:52,25.4872,119.1986,61.23,83,100,1.59
429,Yakeshi,CN,2021-12-24 00:01:52,49.2833,120.7333,-36.27,95,25,4.32
430,Soure,BR,2021-12-24 00:01:53,-0.7167,-48.5233,80.58,82,64,10.2
431,Staraya Poltavka,RU,2021-12-24 00:01:53,50.4772,46.4814,-1.82,94,35,7.67
432,Pachmarhi,IN,2021-12-24 00:01:53,22.4667,78.4333,51.73,47,0,2.26
433,Hokitika,NZ,2021-12-24 00:01:54,-42.7167,170.9667,62.11,62,93,11.01
434,Kodar,IN,2021-12-24 00:01:54,16.9833,79.9667,61.7,61,0,2.39
435,Warrington,GB,2021-12-23 23:58:49,53.3925,-2.5802,49.86,96,40,4.61
436,Maniitsoq,GL,2021-12-24 00:01:55,65.4167,-52.9,32.04,86,82,8.75
437,Leningradskiy,RU,2021-12-24 00:01:55,69.3833,178.4167,-22.27,93,97,5.5
438,Hohhot,CN,2021-12-24 00:00:10,40.8106,111.6522,10.56,36,0,9.13
439,Cockburn Town,TC,2021-12-23 23:58:50,21.4612,-71.1419,75.16,78,75,11.5
440,San Clemente,US,2021-12-24 00:00:16,33.427,-117.612,61.59,85,100,1.99
441,Rediu,RO,2021-12-24 00:01:57,47.2167,27.5,25.05,76,0,4.0
442,Ust-Kulom,RU,2021-12-24 00:01:57,61.6864,53.6902,-23.1,99,56,4.61
443,La Ronge,CA,2021-12-24 00:01:58,55.1001,-105.2842,-0.18,78,90,13.8
444,Malatya,TR,2021-12-24 00:01:58,38.5,38.0,12.25,73,0,1.14
445,Coari,BR,2021-12-24 00:01:59,-4.085,-63.1414,75.7,99,100,0.4
446,Virginia Beach,US,2021-12-24 00:00:27,36.8529,-75.978,39.02,71,0,2.15
447,Shubarkuduk,KZ,2021-12-24 00:01:59,49.1447,56.4872,8.08,87,93,5.03
448,Kashi,CN,2021-12-24 00:02:00,39.4547,75.9797,29.26,55,40,3.69
449,Rio Gallegos,AR,2021-12-23 23:58:11,-51.6226,-69.2181,69.85,28,0,20.71
450,Eyl,SO,2021-12-24 00:02:00,7.9803,49.8164,72.63,78,98,11.23
451,Tiznit,MA,2021-12-24 00:02:01,29.5833,-9.5,62.06,46,100,4.36
452,Nurota,UZ,2021-12-24 00:02:01,40.5614,65.6886,35.69,68,39,7.67
453,Curanilahue,CL,2021-12-24 00:03:02,-37.4667,-73.35,57.02,73,1,8.68
454,Bethel,US,2021-12-24 00:03:02,41.3712,-73.414,31.82,59,78,2.44
455,Naze,JP,2021-12-24 00:03:02,28.3667,129.4833,65.32,94,100,9.98
456,Amahai,ID,2021-12-24 00:03:03,-3.3333,128.9167,81.32,74,89,4.41
457,Neuquen,AR,2021-12-23 23:59:46,-38.9516,-68.0591,84.09,30,20,13.8
458,Agropoli,IT,2021-12-24 00:03:03,40.3469,14.9966,54.75,82,82,3.38
459,Flinders,AU,2021-12-24 00:03:04,-34.5833,150.8552,76.17,80,77,3.8
460,Oriximina,BR,2021-12-24 00:03:04,-1.7656,-55.8661,79.02,81,99,2.57
461,Rio Grande,BR,2021-12-24 00:03:05,-32.035,-52.0986,66.88,76,0,8.21
462,Vao,NC,2021-12-24 00:03:05,-22.6667,167.4833,77.36,82,52,11.79
463,Lodja,CD,2021-12-24 00:03:06,-3.4833,23.4333,68.77,99,98,1.12
464,Warri,NG,2021-12-24 00:00:19,5.5167,5.75,77.41,82,75,3.36
465,Jalu,LY,2021-12-24 00:03:06,29.0331,21.5482,52.59,44,26,0.51
466,Gizo,SB,2021-12-24 00:03:07,-8.103,156.8419,85.05,68,100,0.69
467,Barra Do Garcas,BR,2021-12-24 00:00:41,-15.89,-52.2567,73.78,93,100,5.57
468,Korla,CN,2021-12-24 00:00:29,41.7597,86.1469,24.78,66,12,4.38
469,Juneau,US,2021-12-23 23:58:28,58.3019,-134.4197,26.22,96,100,6.29
470,Comodoro Rivadavia,AR,2021-12-23 23:58:36,-45.8667,-67.5,67.86,60,40,8.05
471,Aljezur,PT,2021-12-24 00:03:08,37.3191,-8.8033,57.38,92,100,2.66
472,Novyy Yarychiv,UA,2021-12-24 00:03:08,49.9044,24.3052,25.93,88,100,11.77
473,Baykit,RU,2021-12-24 00:03:09,61.67,96.37,-20.02,96,71,1.5
474,Haysyn,UA,2021-12-24 00:03:09,48.8114,29.3898,18.54,78,100,14.18
475,The Valley,AI,2021-12-24 00:03:09,18.217,-63.0578,79.11,67,5,14.54
476,Lata,PT,2021-12-24 00:03:10,40.1629,-8.3327,53.92,95,45,4.97
477,Nizwa,OM,2021-12-24 00:03:10,22.9333,57.5333,65.84,45,0,0.72
478,Olinda,BR,2021-12-24 00:03:11,-8.0089,-34.8553,80.19,80,42,8.9
479,Kulhudhuffushi,MV,2021-12-24 00:03:11,6.6221,73.07,79.95,70,84,6.24
480,Tual,ID,2021-12-24 00:03:11,-5.6667,132.75,83.03,75,99,23.89
481,Tautira,PF,2021-12-24 00:03:12,-17.7333,-149.15,86.02,73,66,16.89
482,Saratoga Springs,US,2021-12-24 00:03:12,43.0831,-73.7846,24.96,55,70,3.36
483,Banyuwangi,ID,2021-12-24 00:03:13,-8.2325,114.3576,80.47,82,100,2.59
484,Amuntai,ID,2021-12-24 00:03:13,-2.4177,115.2494,76.8,81,90,0.78
485,San Jeronimo,PE,2021-12-24 00:03:14,-11.9472,-75.2829,54.77,72,87,1.81
486,Piacabucu,BR,2021-12-24 00:03:14,-10.4056,-36.4344,80.24,82,100,15.19
487,Fairbanks,US,2021-12-24 00:00:00,64.8378,-147.7164,4.1,99,100,2.98
488,Gouyave,GD,2021-12-24 00:03:15,12.1646,-61.7296,78.93,80,97,14.56
489,Achinsk,RU,2021-12-24 00:03:15,56.2694,90.4993,-6.21,87,71,6.06
490,Chernyshevskiy,RU,2021-12-24 00:03:15,63.0128,112.4714,-8.77,97,78,9.35
491,Jinchang,CN,2021-12-24 00:03:16,38.4953,102.1739,19.83,69,3,3.04
492,Tevriz,RU,2021-12-24 00:03:16,57.509,72.4042,21.06,95,100,8.1
493,Bosobolo,CD,2021-12-24 00:03:17,4.1833,19.9,81.9,36,100,3.0
494,Gafanha Da Nazare,PT,2021-12-24 00:03:17,40.6362,-8.7134,56.26,89,45,14.29
495,Qaqortoq,GL,2021-12-24 00:03:17,60.7167,-46.0333,39.7,59,93,9.71
496,Ashland,US,2021-12-24 00:03:18,40.8167,-82.2665,39.74,57,100,15.84
497,Geraldton,AU,2021-12-24 00:03:18,-28.7667,114.6,81.01,47,0,9.22
498,Kologriv,RU,2021-12-24 00:03:19,58.8275,44.3178,12.15,93,100,10.29
499,Taywarah,AF,2021-12-24 00:03:19,33.35,64.4167,24.6,34,0,0.94
500,Jagtial,IN,2021-12-24 00:04:20,18.8,78.9333,61.83,49,0,1.79
501,Algiers,DZ,2021-12-24 00:04:20,36.7525,3.042,44.42,100,20,2.3
502,Sur,OM,2021-12-24 00:04:20,22.5667,59.5289,71.64,70,0,5.84
503,Ponta Delgada,PT,2021-12-24 00:04:21,37.7333,-25.6667,63.32,63,75,26.46
504,Evanston,US,2021-12-24 00:00:16,42.0411,-87.6901,44.47,80,100,1.01
505,Lafia,NG,2021-12-24 00:04:21,8.4833,8.5167,78.03,26,76,3.42
506,Pathein,MM,2021-12-24 00:04:22,16.7833,94.7333,62.47,85,4,4.09
507,Lolodorf,CM,2021-12-24 00:04:23,3.2333,10.7333,71.19,99,99,1.86
508,Juigalpa,NI,2021-12-24 00:01:36,12.1063,-85.3645,76.32,63,1,11.88
509,Paraiso,CR,2021-12-24 00:04:23,9.8383,-83.8656,67.06,89,88,5.01
510,Lorengau,PG,2021-12-24 00:04:24,-2.0226,147.2712,80.83,87,100,20.24
511,Raduzhnyy,RU,2021-12-24 00:04:24,62.0961,77.475,4.12,98,97,9.17
512,Saint-Pierre,RE,2021-12-24 00:04:24,-21.3393,55.4781,77.29,79,0,4.61
513,Berlevag,NO,2021-12-24 00:04:25,70.8578,29.0864,27.54,68,100,24.32
514,Atasu,KZ,2021-12-24 00:04:25,48.6814,71.6433,23.2,84,98,11.81
515,Iralaya,HN,2021-12-24 00:04:26,15.0,-83.2333,75.97,70,8,12.97
516,San Cristobal,VE,2021-12-24 00:04:26,7.7669,-72.225,73.58,95,76,1.63
517,Kilindoni,TZ,2021-12-24 00:04:26,-7.9139,39.6668,82.08,75,8,9.13
518,Itarema,BR,2021-12-24 00:04:27,-2.9248,-39.9167,80.49,78,87,11.68
519,Methoni,GR,2021-12-24 00:04:27,36.8197,21.7049,50.22,65,52,5.57
520,Cocoa Beach,US,2021-12-24 00:00:04,28.32,-80.6076,66.0,79,0,7.94
521,Saint-Augustin,CA,2021-12-24 00:04:28,51.226,-58.6502,27.48,94,100,19.48
522,Mao,ES,2021-12-24 00:04:28,39.8885,4.2658,57.76,77,90,8.05
523,Grindavik,IS,2021-12-24 00:04:29,63.8424,-22.4338,34.27,64,0,3.44
524,San Miguel De Cauri,PE,2021-12-24 00:04:29,-10.1,-76.5833,46.96,86,95,1.52
525,Wadi Maliz,TN,2021-12-24 00:04:29,36.4681,8.5495,50.94,82,0,1.61
526,Boden,SE,2021-12-24 00:04:30,65.8252,21.6886,14.0,79,99,13.29
527,Marienburg,PL,2021-12-23 23:59:46,54.0359,19.0266,28.11,96,100,8.52
528,Hirara,JP,2021-12-24 00:04:31,24.8,125.2833,74.41,75,82,10.38
529,Saint-Joseph,RE,2021-12-24 00:04:31,-21.3667,55.6167,76.21,86,100,1.45
530,Hay River,CA,2021-12-24 00:04:31,60.8156,-115.7999,-5.13,98,100,3.15
531,Hammerfest,NO,2021-12-24 00:04:32,70.6634,23.6821,25.25,80,75,13.8
532,San Carlos,VE,2021-12-24 00:04:32,9.6612,-68.5827,82.54,61,100,3.18
533,Krasnoselkup,RU,2021-12-24 00:04:33,65.7,82.4667,-0.44,98,95,9.57
534,Maldonado,UY,2021-12-24 00:04:33,-34.6667,-54.9167,69.19,93,0,7.81
535,Agapovka,RU,2021-12-24 00:04:34,53.2973,59.1348,-4.79,90,36,9.44
536,Teguise,ES,2021-12-24 00:04:34,29.0605,-13.564,59.22,88,75,3.44
537,Pacific Grove,US,2021-12-24 00:00:42,36.6177,-121.9166,58.33,89,100,1.01
538,Plettenberg Bay,ZA,2021-12-24 00:04:35,-34.0527,23.3716,59.02,87,32,3.47
539,Povenets,RU,2021-12-24 00:04:35,62.8487,34.8262,18.18,97,100,3.44
540,Necochea,AR,2021-12-24 00:04:35,-38.5473,-58.7368,75.04,57,1,20.29
541,Bennettsville,US,2021-12-24 00:04:36,34.6174,-79.6848,44.1,68,1,0.0
542,Kimbe,PG,2021-12-24 00:05:36,-5.5502,150.1429,86.02,70,100,3.09
543,Innisfail,AU,2021-12-24 00:05:37,-17.5333,146.0333,99.88,51,85,4.47
544,Villa Union,MX,2021-12-24 00:05:37,23.2,-106.2333,76.96,57,75,5.75
545,Ayia Marina,GR,2021-12-24 00:05:38,37.75,23.5333,44.33,61,86,3.71
546,Pemangkat,ID,2021-12-24 00:05:38,1.1667,108.9667,77.0,88,99,4.65
547,Osoyoos,CA,2021-12-24 00:05:38,49.0331,-119.4524,35.33,92,84,1.59
548,Shanghai,CN,2021-12-24 00:05:39,31.2222,121.4581,57.92,74,40,1.01
549,Ahome,MX,2021-12-24 00:05:39,25.9167,-109.1833,75.15,47,100,6.42
550,Sola,VU,2021-12-24 00:05:40,-13.8833,167.55,81.68,76,78,13.96
551,Baherden,TM,2021-12-24 00:05:40,38.4362,57.4316,40.55,70,26,2.24
552,Gigmoto,PH,2021-12-24 00:05:40,13.7796,124.39,80.26,80,35,8.93
553,Macusani,PE,2021-12-24 00:05:41,-14.0833,-70.4333,37.56,93,94,2.68
554,Tungor,RU,2021-12-24 00:05:41,53.3808,142.9564,-6.16,95,100,22.06
555,Port Macquarie,AU,2021-12-24 00:05:42,-31.4333,152.9167,80.89,80,26,5.37
556,Lavrentiya,RU,2021-12-24 00:05:42,65.5833,-171.0,-10.82,92,75,6.22
557,Salinas,US,2021-12-24 00:03:36,36.6777,-121.6555,59.7,81,100,7.29
558,Kandrian,PG,2021-12-24 00:05:42,-6.2167,149.55,86.41,68,100,3.04
559,Cartagena,CO,2021-12-24 00:05:43,10.3997,-75.5144,82.02,78,40,6.91
560,Rawson,AR,2021-12-24 00:05:43,-43.3002,-65.1023,80.76,36,41,25.23
561,Targusor,RO,2021-12-24 00:05:44,44.45,28.4167,24.28,68,0,10.36
562,Tatawin,TN,2021-12-24 00:05:44,32.9297,10.4518,50.0,91,12,1.23
563,Goderich,CA,2021-12-24 00:01:30,43.7501,-81.7165,29.91,83,100,17.85
564,Terrace,CA,2021-12-24 00:05:45,54.5163,-128.6035,15.42,96,100,2.3
565,Berbera,SO,2021-12-24 00:05:45,10.4396,45.0143,73.8,80,11,5.46
566,Katherine,AU,2021-12-24 00:05:46,-14.4667,132.2667,88.12,58,55,3.44
567,Brigantine,US,2021-12-24 00:05:46,39.4101,-74.3646,35.02,64,1,0.0
568,Santa Cruz,BO,2021-12-24 00:04:29,-17.8,-63.1667,74.66,94,75,2.3
569,Simpang,ID,2021-12-24 00:05:47,-1.2667,104.0833,74.03,97,98,1.14
570,Vaitape,PF,2021-12-24 00:05:47,-16.5167,-151.75,82.24,77,84,16.98
571,Marawi,PH,2021-12-24 00:05:48,7.9986,124.2928,66.65,90,100,3.11
572,Ridgecrest,US,2021-12-24 00:03:46,35.6225,-117.6709,53.46,81,20,15.01
573,Calama,CL,2021-12-24 00:05:49,-22.4667,-68.9333,61.99,40,86,13.29
574,Suleja,NG,2021-12-24 00:05:49,9.1758,7.1808,76.46,26,21,5.77
575,Belawan,ID,2021-12-24 00:05:50,3.7755,98.6832,77.29,90,87,5.28
576,Lodwar,KE,2021-12-24 00:05:50,3.1191,35.5973,81.25,47,77,5.21
577,Santa Rosa,PH,2021-12-24 00:05:50,14.3122,121.1114,82.09,78,17,7.78
578,Okhotsk,RU,2021-12-24 00:05:51,59.3833,143.3,-11.18,76,98,17.56
579,Turayf,SA,2021-12-24 00:05:51,31.6725,38.6637,45.84,69,100,6.24
580,Shubarshi,KZ,2021-12-24 00:05:52,48.5872,57.1869,11.64,79,43,7.09
581,Karratha,AU,2021-12-24 00:05:52,-20.7377,116.8463,85.37,45,0,17.36
582,Gisors,FR,2021-12-24 00:05:52,49.2818,1.7801,49.19,96,100,7.87
583,Wuchi,CN,2021-12-24 00:05:53,29.3786,103.023,33.71,86,99,3.0
584,Charkhari,IN,2021-12-24 00:05:53,25.4,79.75,54.82,43,4,4.94
585,Alice Springs,AU,2021-12-24 00:06:54,-23.7,133.8833,83.75,34,100,14.97
586,Vila,PT,2021-12-24 00:06:55,42.0304,-8.1588,48.33,84,41,6.93
587,Berdorf,LU,2021-12-24 00:06:55,49.8136,6.3503,45.01,94,100,10.94
588,Clavier,BE,2021-12-24 00:06:56,50.4005,5.3524,44.47,95,100,12.37
589,Esil,KZ,2021-12-24 00:06:56,51.9556,66.4042,1.71,90,68,15.86
590,Corrales,US,2021-12-24 00:06:15,35.2378,-106.6067,59.54,31,75,1.01
591,Humaita,BR,2021-12-24 00:06:57,-7.5061,-63.0208,76.03,95,100,1.95
592,Cotorra,CO,2021-12-24 00:06:57,9.0389,-75.7897,76.14,91,32,4.76
593,Palmerston,AU,2021-12-24 00:06:58,-12.486,130.9833,78.78,93,75,6.91
594,Steamboat Springs,US,2021-12-24 00:05:41,40.485,-106.8317,40.5,85,90,0.0
595,Severobaykalsk,RU,2021-12-24 00:06:58,55.65,109.3167,-9.13,88,27,8.23
596,Matara,LK,2021-12-24 00:06:59,5.9485,80.5353,73.0,90,97,3.65
597,Qui Nhon,VN,2021-12-24 00:06:59,13.7667,109.2333,70.5,91,61,6.71
598,Pirgos,GR,2021-12-24 00:07:00,35.1167,25.7178,50.63,66,46,7.96
599,Brae,GB,2021-12-24 00:07:01,60.3964,-1.353,37.31,86,95,22.59
600,Casablanca,MA,2021-12-24 00:07:01,33.5928,-7.6192,60.33,93,98,4.0
601,Barao De Melgaco,BR,2021-12-24 00:07:01,-16.1944,-55.9675,75.72,98,100,3.4
602,Ranong,TH,2021-12-24 00:07:02,9.9658,98.6348,72.27,89,49,2.84
603,Waingapu,ID,2021-12-24 00:07:02,-9.6567,120.2641,84.06,73,62,10.67
604,Lanigan,CA,2021-12-24 00:07:03,51.8501,-105.0344,17.06,96,100,8.99
605,Coahuayana,MX,2021-12-24 00:07:03,18.7333,-103.6833,83.68,70,1,3.38
606,Mitu,CO,2021-12-24 00:04:12,1.1983,-70.1733,74.44,97,98,2.17
607,Nouadhibou,MR,2021-12-24 00:07:04,20.931,-17.0347,67.42,67,0,12.86
608,Tapiramuta,BR,2021-12-24 00:07:04,-11.8472,-40.7914,67.06,96,100,3.94
609,Alwar,IN,2021-12-24 00:07:05,27.5667,76.6,54.45,59,82,2.57
610,Saint-Leu,RE,2021-12-24 00:07:05,-21.15,55.2833,76.68,85,100,9.35
611,Ipixuna,BR,2021-12-24 00:07:05,-1.7625,-48.8043,76.84,90,79,3.11
612,Maneromango,TZ,2021-12-24 00:07:06,-7.1988,38.7848,69.44,96,19,3.0
613,Nichinan,JP,2021-12-24 00:07:06,31.6,131.3667,57.0,75,96,5.28
614,Oudtshoorn,ZA,2021-12-24 00:07:07,-33.5907,22.2014,55.76,84,50,2.08
615,Port Said,EG,2021-12-24 00:07:07,31.2565,32.2841,60.49,62,100,18.75
616,Zyukayka,RU,2021-12-24 00:07:08,58.2025,54.7003,-4.47,96,97,5.95
617,Mandalgovi,MN,2021-12-24 00:07:08,45.7625,106.2708,-6.25,64,1,5.91
618,Dharchula,IN,2021-12-24 00:07:09,29.85,80.5333,43.72,40,3,8.43
619,Moron,AR,2021-12-24 00:07:09,-34.6534,-58.6198,78.03,74,15,4.0
620,Ozinki,RU,2021-12-24 00:07:09,51.1786,49.6769,-6.72,100,91,5.66
621,Felipe Carrillo Puerto,MX,2021-12-24 00:07:10,19.5833,-88.05,67.66,71,3,2.68
622,Batagay-Alyta,RU,2021-12-24 00:07:10,67.8006,130.4114,-24.57,95,97,0.51
623,Qasigiannguit,GL,2021-12-24 00:07:11,68.8193,-51.1922,28.65,97,100,3.67
624,Opuwo,NA,2021-12-24 00:07:11,-18.0607,13.84,68.63,25,19,7.76
625,Muroto,JP,2021-12-24 00:07:12,33.2833,134.15,57.13,78,84,9.57
626,Douglas,US,2021-12-24 00:03:00,41.3,-96.167,47.52,53,1,0.0
627,Victor Harbor,AU,2021-12-24 00:07:13,-35.5667,138.6167,86.2,74,3,1.01
628,Jiujiang,CN,2021-12-24 00:07:13,29.7333,115.9833,54.12,56,84,4.65
629,Veseloyarsk,RU,2021-12-24 00:08:13,51.2836,81.1056,28.58,88,52,17.78
630,Huancabamba,PE,2021-12-24 00:08:14,-5.2386,-79.4506,59.67,94,93,3.13
631,Vicente Guerrero,MX,2021-12-24 00:08:14,19.1194,-98.1708,65.59,34,0,3.83
632,Vuktyl,RU,2021-12-24 00:08:15,63.8567,57.3094,-11.99,96,36,3.13
633,Savannah Bight,HN,2021-12-24 00:08:15,16.45,-85.85,75.99,69,14,11.68
634,Hobyo,SO,2021-12-24 00:08:16,5.3505,48.5268,77.83,68,73,15.41
635,Sistranda,NO,2021-12-24 00:08:16,63.7256,8.834,22.96,52,91,19.73
636,Camapua,BR,2021-12-24 00:08:16,-19.5314,-54.0439,73.38,94,47,3.69
637,Pervomayskiy,RU,2021-12-24 00:08:17,53.2485,40.2871,4.14,95,75,10.76
638,Mackenzie,CA,2021-12-24 00:08:17,55.2999,-123.1698,-4.99,98,70,3.11
639,Mahibadhoo,MV,2021-12-24 00:08:18,3.7833,72.9667,81.34,69,100,11.18
640,Palana,RU,2021-12-24 00:08:18,59.1167,159.9667,7.86,91,100,1.99
641,Nynashamn,SE,2021-12-24 00:08:19,58.9034,17.9479,27.1,93,67,12.57
642,Bermeo,ES,2021-12-24 00:05:48,43.4209,-2.7215,61.0,81,100,10.8
643,Tilichiki,RU,2021-12-24 00:08:19,60.4667,166.1,-2.34,94,100,13.13
644,Bertinoro,IT,2021-12-24 00:08:20,44.1469,12.1389,40.5,89,99,1.99
645,Erenhot,CN,2021-12-24 00:08:20,43.6475,111.9767,-2.04,58,1,1.48
646,Parrita,CR,2021-12-24 00:08:21,9.5201,-84.3225,82.17,85,82,2.89
647,Penzance,GB,2021-12-24 00:08:21,50.1186,-5.5371,50.77,93,11,16.98
648,Maneadero,MX,2021-12-24 00:08:21,31.7167,-116.5667,67.19,64,60,1.99
649,Disna,BY,2021-12-24 00:08:22,55.568,28.1971,20.46,84,99,14.52
650,Swan Hill,AU,2021-12-24 00:04:28,-35.3378,143.5544,83.86,22,48,1.97
651,Awbari,LY,2021-12-24 00:08:22,26.5921,12.7805,49.01,32,0,2.13
652,Urumqi,CN,2021-12-24 00:09:57,43.801,87.6005,18.55,86,75,6.71
653,Beira,MZ,2021-12-24 00:09:57,-19.8436,34.8389,78.57,91,98,4.29
654,Villaviciosa,ES,2021-12-24 00:09:58,43.4813,-5.4357,58.39,99,69,5.95
655,Shimoda,JP,2021-12-24 00:09:58,34.6667,138.95,50.11,58,10,19.62
656,Mishelevka,RU,2021-12-24 00:09:59,52.8575,103.1719,-29.11,95,5,2.26
657,Puerto Penasco,MX,2021-12-24 00:09:59,31.3167,-113.5333,65.91,75,49,8.01
658,Swellendam,ZA,2021-12-24 00:10:00,-34.0226,20.4417,58.68,91,20,7.92
659,Otane,NZ,2021-12-24 00:10:00,-39.8833,176.6333,79.39,42,24,4.79
660,Aksarka,RU,2021-12-24 00:10:01,66.5606,67.7975,-14.58,96,6,7.99
661,Half Moon Bay,US,2021-12-24 00:13:40,37.4636,-122.4286,60.6,88,90,3.0
662,Posse,BR,2021-12-24 00:13:41,-14.0931,-46.3694,68.25,97,100,9.86
663,Smila,UA,2021-12-24 00:13:41,49.2224,31.8871,14.0,84,16,11.1
664,Jian,CN,2021-12-24 00:13:42,27.1172,114.9793,53.87,80,1,2.42
665,Benguela,AO,2021-12-24 00:13:42,-12.5763,13.4055,74.64,72,50,3.74
666,Port Hedland,AU,2021-12-24 00:13:42,-20.3167,118.5667,84.25,79,40,9.22
667,Smithers,CA,2021-12-24 00:13:43,54.7804,-127.1743,14.49,92,100,1.66
668,Raga,SS,2021-12-24 00:13:43,8.4596,25.678,71.38,23,36,4.12
669,Meadow Lake,US,2021-12-24 00:13:44,34.8014,-106.5436,57.97,26,80,5.97
670,Rutland,US,2021-12-24 00:09:41,43.6167,-73.0162,20.44,70,67,0.96
671,Mareeba,AU,2021-12-24 00:13:44,-17.0,145.4333,95.32,57,93,1.28
